{
    "mobilenetv3_large_100": 0.09924083115873755,
    "mobilenetv3_large_100_v2": 0.09924083115873755,
    "mobilenetv3_large_100_v3": 0.09924083115873755,
    "ghostnetv2_100": 0.9924083115873755,
    "mobilenetv3_rw": 0.9924083115873755,
    "efficientnet_b3": 0.09637499217291971,
    "efficientnet_b0": 0.09499330977830908,
    "ghostnet_100": 0.09462535008094078,
    "resnet34": 0.09165850944645237,
    "resnet50d": 0.09154353324134662,
    "resnet50": 0.09102429628793353,
    "efficientformerv2_s0": 0.09018253177783798,
    "maxvit_tiny_rw_224": 0.08586070559809701,
    "densenet121": 0.08406226393836493,
    "regnety_040": 0.08043367651906061
}